{"decimate": 3, "fractionalBw": 0.4, "lpfCoeffs": [6.23428204562515e-05, 0.00011668197839753702, 5.5790973419789225e-05, -0.0001484276435803622, -0.0003406672040000558, -0.00026285668718628585, 0.000177529058419168, 0.0006896242848597467, 0.0007295568939298391, -1.6274258462170677e-18, -0.0010882103815674782, -0.0015389483887702227, -0.0005964153679087758, 0.0013427943922579288, 0.0026854618918150663, 0.0018439546693116426, -0.001126041985116899, -0.004004622343927622, -0.003917682450264692, 6.111487471046974e-18, 0.005116068758070469, 0.006834068801254034, 0.002514755818992853, -0.005400690715759993, -0.010345476679503918, -0.006829919293522835, 0.004024161957204342, 0.013853847980499268, 0.013161227107048035, -1.3332583139913406e-17, -0.016357099637389183, -0.02141367271542549, -0.007746694143861532, 0.01641005650162697, 0.031115775927901268, 0.020411822944879532, -0.012001407332718372, -0.04143095016479492, -0.039691321551799774, 2.040963936717414e-17, 0.0512564517557621, 0.06938272714614868, 0.026296909898519516, -0.05939741060137749, -0.12308728694915771, -0.09154531359672546, 0.06478133052587509, 0.3010914623737335, 0.5143259167671204, 0.5999815464019775, 0.5143259167671204, 0.3010914623737335, 0.06478133052587509, -0.09154531359672546, -0.12308728694915771, -0.05939741060137749, 0.026296909898519516, 0.06938272714614868, 0.0512564517557621, 2.040963936717414e-17, -0.039691321551799774, -0.04143095016479492, -0.012001407332718372, 0.020411822944879532, 0.031115775927901268, 0.01641005650162697, -0.007746694143861532, -0.02141367271542549, -0.016357099637389183, -1.3332583139913406e-17, 0.013161227107048035, 0.013853847980499268, 0.004024161957204342, -0.006829919293522835, -0.010345476679503918, -0.005400690715759993, 0.002514755818992853, 0.006834068801254034, 0.005116068758070469, 6.111487471046974e-18, -0.003917682450264692, -0.004004622343927622, -0.001126041985116899, 0.0018439546693116426, 0.0026854618918150663, 0.0013427943922579288, -0.0005964153679087758, -0.0015389483887702227, -0.0010882103815674782, -1.6274258462170677e-18, 0.0007295568939298391, 0.0006896242848597467, 0.000177529058419168, -0.00026285668718628585, -0.0003406672040000558, -0.0001484276435803622, 5.5790973419789225e-05, 0.00011668197839753702, 6.23428204562515e-05], "interpolate": 2}
